Timestamp,PM1,PM2.5,PM10,bin0,bin1,bin2,bin3,bin4,bin5,bin6,bin7,bin8,bin9,bin10,bin11,bin12,bin13,bin14,bin15,temperature,humidity,battery,no2_ae,no2_we,o3_ae,o3_we
2019-07-13 00:03:17,4.49112319946,7.54265928268,15.5419969559,5512,802,147,26,36,19,13,4,3,1,0,1,0,0,0,0,16.9,84.3,7.76,4549,5099,4953,5115
2019-07-13 00:07:17,4.11356782913,6.50753545761,14.7840547562,5104,769,134,22,21,12,12,4,3,1,0,0,0,1,0,0,16.9,84.3,7.85,4545,5026,4944,5020
2019-07-13 00:11:17,3.46604561806,5.65452528,10.0227813721,4601,569,91,14,19,19,12,0,2,0,1,0,0,0,0,0,16.8,84.6,7.86,4556,5065,4949,5107
2019-07-13 00:15:17,2.73411870003,4.63188028336,6.90290212631,3473,346,72,15,17,10,11,2,1,0,0,0,0,0,0,0,16.7,84.7,7.84,4560,5114,4953,5296
2019-07-13 00:19:17,2.73906302452,4.36565923691,5.79590749741,3717,406,75,16,14,10,10,2,0,0,0,0,0,0,0,0,16.6,84.8,7.75,4551,5075,4955,5108
2019-07-13 00:23:17,3.10479545593,5.15121793747,8.11406517029,4224,466,81,14,18,15,10,3,2,0,0,0,0,0,0,0,16.6,84.8,7.75,4551,5075,4955,5108
2019-07-13 00:36:41.169000,3.27172756195,5.20165061951,9.42522621155,4534,586,106,26,14,17,7,3,3,1,0,0,0,0,0,0,16.5,85,None,0,0,0,0
2019-07-13 00:36:41.293000,3.30467009544,5.38281822205,11.7712488174,4166,482,78,17,13,13,9,3,4,0,1,0,0,0,0,0,16.6,84.6,7.77,4561,5110,4957,5120
2019-07-13 00:39:52,2.86705708504,4.83636522293,7.09674072266,3804,440,82,15,16,18,8,3,1,0,0,0,0,0,0,0,16.6,84.6,7.77,4561,5110,4957,5120
2019-07-13 00:43:52,2.58824491501,4.20088815689,5.72178649902,3301,326,76,15,8,10,10,2,0,0,0,0,0,0,0,0,16.6,84.9,7.83,4558,5077,4948,5130
2019-07-13 00:47:52,2.51652908325,4.34020900726,7.79171895981,3154,331,66,9,21,13,6,3,1,1,0,0,0,0,0,0,16.5,84.7,7.83,4556,5046,4939,5085
2019-07-13 00:51:52,1.93910944462,3.0179567337,4.72488164902,2667,238,58,14,15,7,5,0,0,1,0,0,0,0,0,0,16.4,84.8,7.82,4547,5035,4954,5024
2019-07-13 00:55:52,2.43129849434,4.04811573029,7.83817815781,3310,346,72,11,13,13,6,3,2,1,0,0,0,0,0,0,16.4,84.9,7.74,4553,5092,4952,5104
2019-07-13 00:59:52,2.55418419838,4.23830366135,6.47261619568,3483,381,66,11,14,16,5,4,1,0,0,0,0,0,0,0,16.4,84.9,7.74,4553,5092,4952,5104
2019-07-13 01:03:52,2.43137764931,3.91361522675,7.84009599686,3000,380,56,13,9,12,6,2,1,0,1,0,0,0,0,0,16.4,84.8,7.82,4552,5021,4941,5031
2019-07-13 01:07:52,2.11990356445,3.68196249008,5.4314789772,2901,279,58,15,13,12,9,1,1,0,0,0,0,0,0,0,16.4,84.6,7.82,4559,5029,4954,4970
2019-07-13 01:11:52,2.46507811546,4.17691278458,9.35271072388,3018,343,76,12,13,10,9,1,3,0,1,0,0,0,0,0,16.3,84.6,7.81,4553,5111,4953,5256
2019-07-13 01:14:51,2.52209234238,3.89315772057,8.67034053802,3105,358,77,11,11,12,4,1,1,1,1,0,0,0,0,0,16.3,84.9,7.72,4555,5068,4954,5126
2019-07-13 01:15:52,2.33486437798,3.54690432549,4.99727916718,2777,342,74,18,12,6,5,1,1,0,0,0,0,0,0,0,16.3,84.9,7.72,4555,5068,4954,5126
2019-07-13 01:23:52,3.43771386147,5.40317726135,6.48328399658,3892,704,141,23,15,17,10,0,0,0,0,0,0,0,0,0,16.4,84.5,7.82,4542,5012,4952,5010
2019-07-13 01:27:52,3.81216979027,6.11307239532,8.63967895508,4167,783,178,25,23,14,9,4,1,0,0,0,0,0,0,0,16.3,84.4,7.82,4548,5118,4952,5240
2019-07-13 01:31:52,3.8315308094,5.96714687347,8.75351905823,4048,749,138,27,16,8,13,1,2,0,0,0,0,0,0,0,16.3,84.9,7.8,4548,4987,4950,5109
2019-07-13 01:35:52,4.63476467133,7.3050661087,10.000128746,4627,1071,229,39,27,20,8,2,2,0,0,0,0,0,0,0,16.3,85.3,7.72,4542,5064,4953,5064
2019-07-13 01:39:52,4.55288505554,7.20261716843,14.8395452499,4310,1010,191,35,22,12,9,5,3,0,0,0,1,0,0,0,16.3,85.3,7.72,4542,5064,4953,5064
2019-07-13 01:43:52,4.82897424698,7.04020786285,10.9965353012,4475,1105,212,39,19,8,10,1,1,0,1,0,0,0,0,0,16.5,85,7.8,4553,5073,4951,5158
2019-07-13 01:47:52,4.84510707855,8.05691146851,17.5659122467,4359,1092,227,36,28,16,12,2,6,3,0,0,0,0,0,0,16.4,85.2,7.8,4565,5021,4940,4963
2019-07-13 01:51:52,4.67018985748,7.75780439377,14.5695457458,4071,978,182,36,21,16,13,2,3,2,0,0,0,0,0,0,16.4,85.3,7.8,4558,5057,4944,5003
2019-07-13 01:55:51,5.13167285919,8.13898468018,11.6070041656,4925,1203,291,44,24,16,13,4,2,0,0,0,0,0,0,0,16.3,85.4,7.71,4557,5062,4954,5105
2019-07-13 01:59:52,4.50943183899,6.32363510132,10.8532829285,4828,980,234,28,15,6,8,1,2,2,0,0,0,0,0,0,16.3,85.4,7.71,4557,5062,4954,5105
2019-07-13 02:03:52,5.065325737,8.04532146454,16.6044445038,4758,1111,226,33,25,19,13,1,1,1,1,1,0,0,0,0,16.4,85.4,7.78,4551,5028,4955,5147
2019-07-13 02:07:52,4.9819984436,7.91174888611,18.0001678467,5057,1136,235,46,31,15,10,4,3,1,1,0,1,0,0,0,16.4,85.2,7.78,4555,5038,4950,5111
2019-07-13 02:11:52,4.70350074768,7.49051475525,17.6632976532,4437,1034,211,25,27,16,9,4,2,1,0,1,0,0,0,1,16.3,85.4,7.8,4558,5072,4941,5036
2019-07-13 02:15:52,4.75081253052,7.77403450012,20.8483161926,4376,1044,216,40,25,13,10,3,7,3,0,1,0,0,0,0,16.2,85.6,7.72,4553,5075,4955,5085
2019-07-13 02:19:51,4.38914632797,7.15136051178,10.7247076035,4595,1003,190,35,23,19,11,5,0,1,0,0,0,0,0,0,16.2,85.6,7.72,4553,5075,4955,5085
2019-07-13 02:23:52,5.1745300293,7.98884391785,16.4944725037,5223,1231,260,40,19,10,14,3,5,3,0,0,0,0,0,0,16.4,85.2,7.78,4561,4975,4948,4914
2019-07-13 02:27:52,5.06937456131,8.01224327087,12.0201950073,4533,997,199,39,31,14,9,3,1,1,0,0,0,0,0,0,16.4,85.2,7.78,4550,5101,4950,5119
2019-07-13 02:31:52,5.97259902954,9.71851539612,16.8435134888,5253,1319,307,50,35,15,16,5,2,0,0,1,0,0,0,0,16.3,85.3,7.78,4570,5068,4952,5093
2019-07-13 02:35:52,5.93978309631,9.26902389526,13.5281887054,5215,1280,328,51,30,13,12,4,3,0,0,0,0,0,0,0,16.3,86,7.69,4555,5073,4944,5038
2019-07-13 02:39:52,6.93470859528,11.3947811127,25.2894477844,5543,1640,394,65,41,22,12,7,4,2,0,1,0,0,0,1,16.3,86,7.69,4555,5073,4944,5038
2019-07-13 02:43:51,5.98382616043,9.48014068604,16.753742218,5586,1495,322,48,38,17,9,6,6,1,0,0,0,0,0,0,16.4,85.8,7.78,4557,5060,4954,5087
2019-07-13 02:47:52,6.09689998627,9.40518188477,19.8016529083,5344,1409,310,47,29,10,15,0,6,4,0,0,0,0,0,0,16.4,85.4,7.76,4568,5047,4942,5028
2019-07-13 02:51:52,6.98400783539,11.4958152771,15.9090614319,5851,1603,357,70,44,25,17,2,3,0,0,0,0,0,0,0,16.3,85.3,7.76,4554,5047,4951,5102
2019-07-13 02:55:51,6.35502719879,9.7279882431,14.5096664429,5359,1524,330,52,30,15,10,4,4,0,0,0,0,0,0,0,16.3,85.6,7.69,4566,5082,4951,5067
2019-07-13 02:59:51,6.86215543747,11.5726661682,18.8011493683,5561,1547,399,60,52,20,18,5,3,0,1,0,0,0,0,0,16.3,85.6,7.69,4566,5082,4951,5067
2019-07-13 03:03:51,6.18650054932,9.78934955597,14.9838523865,5522,1519,366,68,34,20,11,4,3,1,0,0,0,0,0,0,16.4,85.3,7.78,4554,4993,4949,4982
2019-07-13 03:07:52,6.74506282806,10.6390533447,19.466594696,5868,1647,442,66,38,18,14,3,4,2,1,0,0,0,0,0,16.4,85.1,7.78,4552,4993,4952,5168
2019-07-13 03:11:52,7.00474023819,11.90944767,19.2264156342,5974,1571,361,69,38,33,10,10,5,0,0,0,0,0,0,0,16.3,85.6,7.77,4555,5101,4964,5146
2019-07-13 03:23:51.134000,7.19655323029,10.9230260849,14.8672904968,6121,1917,426,79,36,17,9,7,2,0,0,0,0,0,0,0,16.4,85.8,None,0,0,0,0
2019-07-13 03:23:51.529000,7.68890476227,12.1645021439,20.3269195557,6126,1741,468,79,45,20,12,3,6,0,1,0,0,0,0,0,16.4,85.4,7.68,4553,5055,4945,5040
2019-07-13 03:26:38,7.50035095215,11.897816658,17.9596996307,6142,1731,429,71,38,21,13,5,5,0,0,0,0,0,0,0,16.4,85.4,7.68,4553,5055,4945,5040
2019-07-13 03:30:39,6.68386173248,10.4315128326,18.5776977539,5891,1665,403,63,52,9,13,4,4,3,0,0,0,0,0,0,16.5,85.5,7.75,4554,4967,4946,4939
2019-07-13 03:34:38,7.49138975143,11.5313062668,15.2329292297,5730,1850,435,70,48,22,9,2,1,1,0,0,0,0,0,0,16.5,85.1,7.75,4558,5037,4957,5061
2019-07-13 03:38:38,8.13286590576,13.0989074707,23.2990818024,5833,1963,518,100,57,23,10,4,3,3,1,0,0,0,0,0,16.4,85.2,7.75,4546,4978,4950,4915
2019-07-13 03:42:38,7.13124275208,11.3158388138,16.4464588165,5615,1524,351,76,30,15,15,5,3,0,0,0,0,0,0,0,16.4,85.4,7.67,4557,5109,4950,5104
2019-07-13 03:46:39,6.98490762711,12.3496265411,25.7334384918,5573,1544,386,78,64,33,13,4,4,4,0,1,0,0,0,0,16.4,85.4,7.67,4557,5109,4950,5104
2019-07-13 03:50:39,8.02157497406,13.6868400574,22.1195201874,6097,1838,496,85,64,25,22,3,3,1,1,0,0,0,0,0,16.4,85.1,7.74,4572,5097,4954,5014
2019-07-13 03:54:38,7.48737192154,12.2676668167,25.0719184875,5951,1775,425,62,54,27,13,2,6,1,1,0,1,0,0,0,16.4,85.1,7.74,4559,5078,4954,5108
2019-07-13 03:58:38,7.71195745468,12.961687088,19.5809860229,5936,1776,481,79,49,25,19,7,1,0,1,0,0,0,0,0,16.4,85.1,7.73,4553,5043,4948,5115
2019-07-13 04:02:38,7.85624790192,13.1834793091,23.7789516449,5696,1831,531,90,52,18,20,7,2,2,0,1,0,0,0,0,16.4,85.2,7.66,4544,5071,4961,5071
2019-07-13 04:06:38,7.39116334915,12.8009052277,17.5857048035,5271,1743,458,90,73,26,19,0,2,1,0,0,0,0,0,0,16.4,85.2,7.66,4544,5071,4961,5071
2019-07-13 04:10:39,6.78160095215,11.2946863174,20.3760204315,5169,1532,422,77,53,21,14,1,4,2,1,0,0,0,0,0,16.4,85,7.74,4549,4979,4947,4897
2019-07-13 04:14:39,6.46943998337,10.2532644272,13.4421377182,4901,1587,361,74,48,18,8,3,2,0,0,0,0,0,0,0,16.5,84.6,7.75,4549,5087,4957,5204
2019-07-13 04:18:39,8.32478618622,13.7551994324,23.0244579315,5825,1963,565,101,61,33,10,2,4,2,1,0,0,0,0,0,16.5,84.5,7.73,4549,5052,4951,5104
2019-07-13 04:22:39,7.6756272316,14.020190239,22.9835090637,5346,1719,520,91,83,41,13,6,2,0,2,0,0,0,0,0,16.4,85.1,7.65,4558,5058,4956,5052
2019-07-13 04:26:38,7.59366607666,14.3006715775,25.0145282745,5868,1814,508,111,92,34,24,5,7,0,0,1,0,0,0,0,16.4,85.1,7.65,4558,5058,4956,5052
2019-07-13 04:30:38,7.63267850876,13.1723089218,16.2687835693,5460,1649,470,126,88,31,9,1,0,1,0,0,0,0,0,0,16.5,85.1,7.73,4550,5048,4948,4989
2019-07-13 04:45:35.381000,8.90465259552,16.4381484985,26.11759758,5839,2196,685,157,128,40,14,6,3,1,0,0,1,0,0,0,16.5,85.4,None,0,0,0,0
2019-07-13 04:45:35.513000,9.3384847641,17.2862091064,22.0940494537,5559,1954,597,148,115,42,13,4,2,0,0,0,0,0,0,0,16.6,84.9,7.65,4559,5061,4950,5050
2019-07-13 04:48:12,9.55588626862,18.753118515,35.1965904236,5543,1900,662,150,134,36,19,7,8,3,1,0,0,0,0,0,16.6,84.9,7.65,4559,5061,4950,5050
2019-07-13 04:52:11,11.150393486,21.6821517944,34.498664856,6136,2309,781,185,144,58,17,5,7,1,1,0,0,0,0,0,16.7,84.6,7.71,4547,5004,4936,4916
2019-07-13 04:56:11,11.6092596054,22.4762630463,28.4125156403,5955,2383,856,209,169,50,19,5,2,0,0,0,0,0,0,0,16.7,84.2,7.71,4555,5038,4951,5092
2019-07-13 05:00:11,11.6233348846,23.9841384888,32.9207000732,6183,2378,802,198,179,74,26,2,4,1,0,0,0,0,0,0,16.7,84.1,7.71,4549,5003,4944,4970
2019-07-13 05:04:11,11.5599536896,23.0324115753,33.6630172729,5966,2371,834,197,185,56,21,3,4,1,1,0,0,0,0,0,16.6,84.3,7.62,4552,5052,4949,5042
2019-07-13 05:08:11,12.2239246368,23.9610614777,34.2945785522,6038,2466,912,249,180,58,17,3,4,1,1,0,0,0,0,0,16.6,84.3,7.62,4552,5052,4949,5042
2019-07-13 05:12:11,12.8950271606,27.1197147369,37.5975761414,6041,2769,1109,273,242,79,27,4,2,3,0,0,0,0,0,0,16.8,84,7.7,4555,5028,4950,4946
2019-07-13 05:16:11,13.170419693,27.6546649933,39.2253990173,6088,2659,1004,269,224,68,27,6,8,0,0,0,0,0,0,0,16.7,83.9,7.69,4553,5048,4950,5099
2019-07-13 05:20:11,14.1269521713,29.5417556763,42.5644950867,6110,2837,1132,309,234,77,27,6,3,1,0,0,0,0,1,0,16.6,84,7.7,4560,5049,4949,5074
2019-07-13 05:24:11,14.0290126801,29.5238857269,42.4687232971,5836,2794,1098,311,285,81,12,3,4,2,0,1,0,0,0,0,16.6,84.3,7.61,4556,5071,4957,5075
2019-07-13 05:28:11,14.8435258865,32.5677337646,44.1084823608,5984,2623,1099,292,308,81,26,2,2,3,0,0,0,0,0,0,16.6,84.3,7.61,4556,5071,4957,5075
2019-07-13 05:32:11,14.3297595978,29.7165622711,34.7760696411,5635,2717,1065,289,252,73,19,3,0,0,0,0,0,0,0,0,16.7,84.3,7.71,4548,5033,4952,5140
2019-07-13 05:36:11,15.0953435898,33.0040855408,42.0171928406,5662,2999,1265,359,292,94,27,4,4,0,0,0,0,0,0,0,16.6,84.3,7.71,4556,5113,4945,5147
2019-07-13 05:40:11,14.9768667221,32.9493408203,41.3611373901,5416,3075,1241,358,295,88,31,6,2,0,0,0,0,0,0,0,16.6,84.5,7.69,4560,5089,4949,5148
2019-07-13 05:44:11,12.5586175919,25.3546791077,31.9569015503,5426,2468,1009,280,227,59,13,3,2,1,0,0,0,0,0,0,16.7,84.5,7.61,4576,5069,4956,5047
2019-07-13 05:48:11,14.8904523849,31.1910552979,42.864982605,5824,2971,1223,329,313,74,17,2,2,2,0,1,0,0,0,0,16.7,84.5,7.61,4576,5069,4956,5047
2019-07-13 05:52:11,12.563668251,24.0205898285,33.3319396973,5610,2545,1005,269,203,48,10,0,4,3,0,0,0,0,0,0,16.8,84.4,7.68,4549,5028,4944,5154
2019-07-13 05:56:11,13.0284109116,25.89012146,34.2771377563,5549,2602,1082,275,231,49,12,8,3,1,0,0,0,0,0,0,16.9,84,7.69,4547,5023,4953,5031
2019-07-13 06:00:11,12.4914922714,24.6989135742,32.1593894958,4998,2384,918,267,212,39,15,3,1,2,0,0,0,0,0,0,16.9,84,7.68,4565,5026,4954,5020
2019-07-13 06:04:11,11.6159448624,21.7364425659,28.5202770233,5225,2475,917,236,164,50,7,2,2,2,0,0,0,0,0,0,16.8,84.5,7.59,4554,5067,4955,5045
2019-07-13 06:08:11,11.7471599579,23.1644477844,34.3368453979,5428,2427,924,225,186,48,22,2,2,2,0,1,0,0,0,0,16.8,84.5,7.59,4554,5067,4955,5045
2019-07-13 06:12:10,10.4715595245,19.412115097,28.2631263733,4892,2023,727,202,133,38,8,1,3,3,0,0,0,0,0,0,17.1,84.1,7.67,4560,5048,4956,5049
2019-07-13 06:16:11,9.73126411438,18.3524684906,24.1416740417,4849,2078,722,180,129,38,15,2,4,0,0,0,0,0,0,0,17.1,83.3,7.67,4548,5025,4947,5002
2019-07-13 06:20:11,8.81052684784,16.4131202698,24.8925991058,4932,1777,636,140,119,34,10,4,4,2,0,0,0,0,0,0,17.1,83.3,7.69,4544,4997,4952,5005
2019-07-13 06:24:11,8.69668483734,15.6051950455,19.9050197601,4927,1826,596,143,109,28,12,1,3,0,0,0,0,0,0,0,17.1,83.4,7.61,4560,4987,4946,4989
2019-07-13 06:28:11,7.80233335495,14.1196289062,20.5865325928,4639,1617,517,133,78,36,10,2,2,2,0,0,0,0,0,0,17.1,83.4,7.61,4560,4987,4946,4989
2019-07-13 06:32:10,7.481092453,14.0704126358,26.6753368378,4449,1529,514,109,87,34,12,5,3,1,1,0,1,0,0,0,17.2,83.1,7.68,4550,5011,4950,5052
2019-07-13 06:36:10,7.09660243988,13.202835083,19.9688491821,4581,1498,435,102,63,28,19,6,2,1,0,0,0,0,0,0,17.2,83,7.68,4558,5047,4947,5116
2019-07-13 06:46:51.236000,5.6485915184,10.310790062,15.6021595001,4335,1287,326,68,47,22,19,5,3,0,0,0,0,0,0,0,17.1,83.6,None,0,0,0,0
2019-07-13 06:46:51.350000,5.06246566772,9.58878231049,18.2297515869,3842,1110,303,59,49,31,13,4,2,2,1,0,0,0,0,0,17.2,82.7,7.61,4568,5051,4950,5070
2019-07-13 06:49:45,4.71300697327,8.16159248352,17.833984375,3848,1076,259,40,38,15,18,0,1,3,0,0,1,0,0,0,17.2,82.7,7.61,4568,5051,4950,5070
2019-07-13 06:53:45,4.23625469208,7.73939561844,13.8333683014,3581,949,219,39,30,16,15,5,5,0,0,0,0,0,0,0,17.3,82.6,7.69,4573,5066,4953,5083
2019-07-13 06:57:46,4.40366840363,7.82243442535,13.8503770828,3808,981,204,47,35,15,11,6,5,0,0,0,0,0,0,0,17.4,82.3,7.69,4568,5063,4945,5129
2019-07-13 07:01:46,4.19618988037,6.9814248085,14.5541181564,3767,963,185,33,24,18,10,2,2,2,1,0,0,0,0,0,17.4,82.4,7.7,4559,5016,4948,5002
2019-07-13 07:05:45,4.08325481415,6.69934606552,14.8254747391,3801,889,185,27,27,11,10,2,5,1,1,0,0,0,0,0,17.5,82.6,7.62,4566,5061,4954,5057
2019-07-13 07:09:45,3.93987321854,6.38273906708,11.7047214508,3698,839,162,40,24,13,10,1,1,1,1,0,0,0,0,0,17.5,82.6,7.62,4566,5061,4954,5057
2019-07-13 07:13:45,3.61059904099,5.96831083298,9.69246387482,3676,739,123,29,22,12,8,6,0,1,0,0,0,0,0,0,17.7,82.2,7.7,4552,5041,4954,5101
2019-07-13 07:17:46,3.53113508224,5.61864519119,9.77674674988,3492,783,125,22,19,12,7,3,2,1,0,0,0,0,0,0,17.7,81.6,7.7,4559,5034,4960,5085
2019-07-13 07:21:46,3.70621919632,5.83390808105,11.007897377,3585,838,161,17,10,11,9,4,3,1,0,0,0,0,0,0,17.7,81.8,7.68,4559,5049,4957,5122
2019-07-13 07:25:46,3.37824630737,5.26245546341,14.0780754089,3359,719,135,24,11,11,7,1,3,3,1,0,0,0,0,0,17.6,82.4,7.61,4556,5046,4953,5053
2019-07-13 07:29:46,3.06916284561,4.45925188065,7.47667455673,3451,631,131,18,20,9,3,1,0,2,0,0,0,0,0,0,17.6,82.4,7.61,4556,5046,4953,5053
2019-07-13 07:33:46,3.09090042114,4.89442157745,7.19964408875,3313,666,131,24,24,11,5,2,2,0,0,0,0,0,0,0,17.7,82,7.69,4553,5038,4954,5026
2019-07-13 07:37:46,3.14194488525,5.07886838913,8.06316947937,3484,718,107,23,17,11,8,4,2,0,0,0,0,0,0,0,17.7,81.6,7.69,4568,5034,4950,5069
2019-07-13 07:41:46,3.1687681675,4.82130622864,13.8008432388,3184,651,125,23,16,8,5,1,3,1,1,1,0,0,0,0,17.7,81.6,7.71,4547,5030,4948,5072
2019-07-13 07:45:46,3.33505582809,5.31572818756,6.76775932312,3578,779,126,24,17,15,9,2,0,0,0,0,0,0,0,0,17.8,81.5,7.64,4564,5064,4962,5042
2019-07-13 07:49:45,3.16105628014,4.78347635269,6.79826688766,3086,699,131,10,18,12,6,0,0,1,0,0,0,0,0,0,17.8,81.5,7.64,4564,5064,4962,5042
2019-07-13 07:53:46,2.70115160942,3.89681982994,6.07996177673,3179,603,87,12,9,8,5,2,0,1,0,0,0,0,0,0,18,81.1,7.71,4575,5030,4947,5108
2019-07-13 07:57:45,2.80618572235,4.13847017288,6.47915077209,3010,574,91,13,13,7,5,2,0,1,0,0,0,0,0,0,18.2,80.7,7.72,4549,5019,4948,5029
2019-07-13 08:12:54.041000,2.8171544075,3.94472312927,4.5489988327,3167,630,114,17,6,8,6,0,0,0,0,0,0,0,0,0,18.4,80.5,None,0,0,0,0
2019-07-13 08:12:54.166000,2.3869228363,3.470505476,5.44218063354,2942,461,70,16,13,8,2,2,0,1,0,0,0,0,0,0,18.5,79.6,7.67,4549,5050,4953,5033
2019-07-13 08:16:04,2.60834789276,4.00181150436,8.40360641479,2899,505,73,13,16,6,5,2,2,0,1,0,0,0,0,0,18.5,79.6,7.67,4549,5050,4953,5033
2019-07-13 08:20:05,2.41019487381,3.29312372208,5.0377035141,2942,487,76,16,8,5,3,1,0,1,0,0,0,0,0,0,18.7,79.1,7.74,4548,5034,4947,5054
2019-07-13 08:24:04,2.45059514046,3.90854620934,6.40389060974,2950,493,88,9,11,7,9,2,2,0,0,0,0,0,0,0,18.7,79,7.73,4556,5030,4944,5005
2019-07-13 08:28:04,2.72483801842,4.48157453537,8.40294647217,3172,533,96,27,15,7,9,3,2,1,0,0,0,0,0,0,18.8,78.9,7.73,4564,5016,4948,4999
2019-07-13 08:32:04,2.34736585617,3.43338799477,7.5495724678,3049,506,85,16,10,5,5,1,3,0,1,0,0,0,0,0,18.7,78.3,7.67,4559,5032,4952,5063
2019-07-13 08:36:04,2.52207517624,3.98421263695,6.3721203804,2957,517,76,16,22,9,5,0,3,0,0,0,0,0,0,0,18.7,78.3,7.67,4559,5032,4952,5063
2019-07-13 08:40:04,2.45878601074,3.70180821419,5.11326360703,2879,510,96,8,11,10,5,1,1,0,0,0,0,0,0,0,18.9,77.9,7.74,4559,5023,4946,5076
2019-07-13 08:44:04,2.41317176819,3.54006123543,5.74479866028,2859,498,87,15,8,5,6,2,0,1,0,0,0,0,0,0,18.9,77.7,7.75,4550,4998,4946,5043
2019-07-13 08:48:04,2.25067305565,3.33712911606,7.42302656174,2708,466,63,14,13,9,3,0,1,1,1,0,0,0,0,0,18.9,78.2,7.76,4552,5057,4956,5148
2019-07-13 08:52:04,2.30238628387,4.09467554092,8.01665782928,2707,449,77,19,13,10,12,2,0,2,0,0,0,0,0,0,19,78.2,7.68,4566,5068,4961,5061
2019-07-13 09:04:09.349000,2.06645798683,3.32425570488,10.6112604141,2502,411,58,13,17,3,8,1,1,1,1,1,0,0,0,0,19,77,None,0,0,0,0
2019-07-13 09:04:09.481000,2.14404916763,3.2623257637,6.00334882736,2719,390,68,8,13,5,5,2,1,1,0,0,0,0,0,0,19,77,7.66,4552,5040,4955,5047
2019-07-13 09:07:20,2.02919268608,3.13629317284,7.38766145706,2583,389,53,13,5,9,4,3,0,1,1,0,0,0,0,0,19,77,7.66,4552,5040,4955,5047
2019-07-13 09:11:20,2.19936203957,3.51322960854,8.17259693146,2581,425,81,17,9,14,4,1,0,1,0,1,0,0,0,0,19,76.7,7.72,4558,5040,4942,5099
2019-07-13 09:15:20,2.37886452675,3.84008812904,7.75913047791,2816,471,65,20,20,12,5,0,1,0,0,1,0,0,0,0,18.9,77,7.73,4551,5014,4945,4936
2019-07-13 09:19:19,2.08932375908,3.17079806328,5.64211368561,2396,459,73,12,9,8,4,1,1,1,0,0,0,0,0,0,18.7,77.4,7.73,4564,5051,4951,5113
2019-07-13 09:23:19,2.0474293232,2.66810464859,5.15032100677,2449,520,80,16,7,2,0,1,2,1,0,0,0,0,0,0,18.7,78.1,7.68,4553,5039,4946,5052
2019-07-13 09:27:20,2.21895456314,3.52725362778,6.14230632782,2580,466,73,15,12,9,6,2,0,0,0,0,0,0,0,0,18.7,78.1,7.68,4553,5039,4946,5052
2019-07-13 09:31:20,2.2736492157,3.23251318932,4.42063856125,2632,471,84,20,7,6,3,1,1,0,0,0,0,0,0,0,18.8,78.7,7.75,4551,5061,4953,5024
2019-07-13 09:35:20,2.06209087372,3.02581429482,4.16582202911,2364,447,66,17,11,7,2,1,1,0,0,0,0,0,0,0,18.8,78.3,7.75,4536,4992,4934,5014
2019-07-13 09:39:20,2.23430514336,3.3310148716,6.03947019577,2582,474,83,12,13,3,5,2,1,1,0,0,0,0,0,0,18.7,78.2,7.75,4559,5059,4942,5010
2019-07-13 09:43:20,2.68011808395,3.99888443947,9.87639141083,2762,529,104,15,17,8,3,0,2,1,0,1,0,0,0,0,18.7,79,7.69,4544,5014,4943,5047
2019-07-13 09:47:19,2.25029039383,3.6318063736,10.2806148529,2547,502,83,9,11,11,4,2,3,1,0,1,0,0,0,0,18.7,79,7.69,4544,5014,4943,5047
2019-07-13 09:51:20,2.27389717102,3.1881506443,5.05212402344,2730,461,86,6,8,11,2,0,0,0,0,0,0,0,0,0,18.9,78.2,7.8,4546,5050,4944,5047
2019-07-13 09:55:19,2.37659955025,4.45467424393,8.96710300446,2657,492,90,14,17,16,10,2,3,1,0,0,0,0,0,0,18.9,77.6,7.81,4553,5027,4945,5042
2019-07-13 09:59:19,1.97882330418,2.88895392418,5.03765392303,2514,458,63,11,12,9,3,0,0,0,1,0,0,0,0,0,19,77.8,7.81,4554,5052,4949,5123
2019-07-13 10:10:32.925000,1.95003247261,2.84611964226,3.73105812073,2577,415,62,10,11,10,2,0,1,0,0,0,0,0,0,0,19.5,77.7,None,0,0,0,0
2019-07-13 10:10:33.127000,1.91769063473,2.69002795219,4.25735187531,2594,384,64,12,10,4,2,1,2,0,0,0,0,0,0,0,19.6,75.7,7.75,4548,5044,4953,5048
2019-07-13 10:13:41,2.03971767426,3.20367479324,6.56911039352,2548,353,64,10,18,10,3,1,0,0,0,1,0,0,0,0,19.6,75.7,7.75,4548,5044,4953,5048
2019-07-13 10:17:41,1.87272548676,2.73222708702,4.19604110718,2481,382,71,10,9,5,2,3,1,0,0,0,0,0,0,0,19.8,75.4,7.81,4549,5041,4948,5145
2019-07-13 10:21:41,1.86898314953,2.72985315323,5.01091623306,2441,323,48,10,13,5,2,1,1,1,0,0,0,0,0,0,19.9,74.9,7.81,4559,4974,4944,4996
2019-07-13 10:25:41,1.74080634117,2.36539816856,2.77233862877,2217,321,50,10,9,4,1,1,0,0,0,0,0,0,0,0,20,73.9,7.82,4557,4976,4950,5022
2019-07-13 10:29:41,1.50420713425,2.58917808533,4.22111368179,2187,260,40,6,8,8,7,2,1,0,0,0,0,0,0,0,20.1,74.2,7.75,4554,5035,4956,5049
2019-07-13 10:33:41,1.48202371597,2.40517091751,2.8970913887,2000,227,32,11,8,10,4,0,0,0,0,0,0,0,0,0,20.1,74.2,7.75,4554,5035,4956,5049
2019-07-13 10:37:40,1.42352616787,1.92919409275,2.31561231613,2204,291,33,11,9,2,2,1,0,0,0,0,0,0,0,0,20.3,72.9,7.86,4554,5000,4956,5028
2019-07-13 10:41:41,1.61962807178,2.50388288498,2.95406746864,2065,274,51,7,12,7,4,0,0,0,0,0,0,0,0,0,20.6,73,7.88,4566,5125,4964,5216
2019-07-13 10:45:41,1.16417467594,1.74833726883,5.12571668625,1792,186,21,10,3,3,2,2,1,2,0,0,0,0,0,0,20.7,72.4,7.88,4568,5022,4954,4963
2019-07-13 10:49:41,1.28572297096,2.08481907845,5.96661615372,1976,213,24,5,4,7,5,2,0,0,0,0,0,1,0,0,20.9,71.2,7.8,4566,5046,4959,5051
2019-07-13 10:53:41,1.42952752113,1.93004155159,3.468303442,1945,223,33,13,6,2,1,1,0,1,0,0,0,0,0,0,20.9,71.2,7.8,4566,5046,4959,5051
2019-07-13 10:57:41,1.11301290989,1.64105284214,2.57218289375,1685,161,28,8,7,4,1,1,1,0,0,0,0,0,0,0,21.2,69.7,7.89,4565,5026,4957,5028
2019-07-13 11:01:40,1.04095923901,1.68888282776,2.40085053444,1593,142,21,7,12,2,3,2,0,0,0,0,0,0,0,0,21.3,69.6,7.92,4559,5047,4946,5053
2019-07-13 11:31:51.474000,0.582731127739,1.04138755798,2.82070660591,992,56,11,2,3,2,3,2,0,1,0,0,0,0,0,0,21.9,66.8,None,0,0,0,0
2019-07-13 11:31:51.598000,0.534574270248,0.779201030731,0.930601000786,959,77,20,5,2,2,2,0,0,0,0,0,0,0,0,0,22,65.2,7.84,4563,4979,4955,4991
2019-07-13 11:31:51.733000,0.709813416004,1.38472020626,2.45248770714,1044,82,15,8,13,3,3,1,1,0,0,0,0,0,0,0,22,65.2,7.84,4563,4979,4955,4991
2019-07-13 11:31:51.855000,0.737062633038,1.294957757,2.46211099625,1026,91,19,7,5,1,4,1,1,0,0,0,0,0,0,0,22.1,64.8,7.88,4558,4999,4959,5050
2019-07-13 11:31:52.001000,0.837088167667,1.4317035675,3.53233718872,1182,108,24,4,3,4,3,0,3,0,0,0,0,0,0,0,22.1,64.5,7.89,4561,5035,4949,5037
2019-07-13 11:31:55,0.951611578465,1.62426698208,2.75903749466,1419,126,25,12,5,4,4,1,1,0,0,0,0,0,0,0,22.1,65.4,7.89,4556,5033,4939,5003
2019-07-13 11:35:55,0.83035993576,1.2007111311,5.12857246399,1433,114,18,2,8,4,0,0,1,1,0,1,0,0,0,0,22.2,63.5,7.86,4556,4953,4937,4983
2019-07-13 11:39:55,0.854673743248,1.57110738754,2.83905339241,1317,104,20,6,7,7,2,2,1,0,0,0,0,0,0,0,22.2,63.5,7.86,4556,4953,4937,4983
2019-07-13 11:43:55,0.86245238781,1.4900124073,4.18225097656,1320,94,26,8,7,4,3,1,0,2,0,0,0,0,0,0,22.4,62.9,7.92,4550,5007,4934,5023
2019-07-13 11:47:55,0.976553380489,1.68663370609,3.99872469902,1415,128,30,11,8,6,3,1,0,0,1,0,0,0,0,0,22.4,63,7.9,4547,5023,4941,5024
2019-07-13 11:51:54,1.02248001099,2.03811430931,10.8699569702,1350,140,30,6,8,10,4,0,2,2,1,0,0,0,1,0,22.3,63.6,7.88,4548,5029,4937,5059
2019-07-13 11:55:54,0.871526360512,1.42099380493,7.34765100479,1306,136,24,5,3,4,2,2,1,0,1,0,1,0,0,0,22.2,63.8,7.84,4554,5031,4934,5059
2019-07-13 11:59:54,1.00624501705,1.6010119915,7.22253799438,1589,121,23,7,8,3,1,1,3,1,0,1,0,0,0,0,22.2,63.8,7.84,4554,5031,4934,5059
2019-07-13 12:03:55,1.01495063305,2.12613892555,6.13698625565,1386,121,27,8,9,7,6,2,1,2,0,0,0,0,0,0,22.3,63.7,7.96,4547,4998,4934,5033
2019-07-13 12:07:55,0.705881118774,1.26602208614,5.82954883575,1075,104,15,5,4,3,4,1,0,2,0,0,0,0,0,0,22.4,63.9,7.97,4557,5011,4928,5011
2019-07-13 12:11:54,0.977053403854,2.01601433754,10.1787624359,1339,125,29,2,7,10,6,0,1,2,1,1,0,0,0,0,22.4,63.7,7.92,4547,5038,4928,5049
2019-07-13 12:15:54,1.0084143877,1.5129442215,4.71843671799,1439,127,30,5,3,3,3,1,0,0,0,1,0,0,0,0,22.2,63.8,7.82,4544,5031,4931,5022
2019-07-13 12:27:54.549000,1.46397602558,2.71569657326,5.6280040741,1990,194,44,8,12,3,11,1,1,1,0,0,0,0,0,0,22,64.6,None,0,0,0,0
2019-07-13 12:27:54.677000,1.34934282303,2.14979720116,6.97863769531,1839,187,42,6,8,6,3,1,0,2,1,0,0,0,0,0,21.8,64.7,7.82,4539,5038,4916,5071
2019-07-13 12:31:10,0.821960270405,1.70113885403,14.3893251419,1121,114,20,4,8,4,3,4,1,1,2,1,1,0,0,0,21.8,64.7,7.82,4539,5038,4916,5071
2019-07-13 12:35:10,0.818566322327,1.32011854649,2.02346611023,1032,85,28,9,4,1,2,2,0,0,0,0,0,0,0,0,21.6,64.6,7.9,4532,5055,4924,5097
2019-07-13 12:39:10,0.647641718388,1.1238348484,6.14677190781,938,94,18,6,5,4,3,0,0,0,1,0,0,1,0,0,21.6,64.7,7.94,4550,5068,4921,5051
2019-07-13 12:43:09,0.802709519863,1.62229812145,4.90117788315,1060,120,22,4,7,4,5,2,0,2,0,0,0,0,0,0,21.6,64.8,8.21,4547,5020,4923,5031
2019-07-13 12:47:09,0.711235702038,1.10840845108,4.57785987854,983,82,25,3,7,1,2,0,1,0,0,1,0,0,0,0,21.9,64.6,7.97,4543,5068,4923,5062
2019-07-13 12:51:09,0.72818416357,2.09029436111,14.9673700333,866,72,19,4,15,8,3,4,3,2,2,1,0,0,0,0,21.9,64.6,7.97,4543,5068,4923,5062
2019-07-13 12:55:09,0.583287715912,1.58524906635,7.6911444664,748,59,22,5,8,6,4,3,3,0,0,0,1,0,0,0,22.5,63.5,8.14,4538,5105,4939,5127
2019-07-13 12:59:10,0.642230510712,1.34168851376,5.30329465866,797,76,25,6,8,7,2,0,1,1,1,0,0,0,0,0,23.1,63,8.21,4558,5141,4941,5209
2019-07-13 13:03:10,0.421752721071,0.998216032982,4.84925699234,613,44,10,2,4,2,2,3,1,2,0,0,0,0,0,0,23.9,61,8.13,4536,5020,4942,4973
2019-07-13 13:07:10,0.357042253017,0.872778475285,2.21359920502,483,41,11,3,3,2,3,2,1,0,0,0,0,0,0,0,24.4,57.4,7.98,4562,4996,4944,5009
2019-07-13 13:24:16.952000,0.432042777538,0.97265869379,2.99847459793,576,42,18,6,9,4,1,1,1,1,0,0,0,0,0,0,24.6,56.6,None,0,0,0,0
2019-07-13 13:24:17.097000,0.456974983215,0.880277276039,5.32254695892,594,56,16,3,7,1,1,2,0,1,0,1,0,0,0,0,24.8,55.3,8.18,4558,5015,4937,5035
2019-07-13 13:24:17.235000,0.530971229076,0.98201417923,1.99943602085,916,66,14,3,3,2,4,1,1,0,0,0,0,0,0,0,24.8,55.3,8.18,4558,5015,4937,5035
2019-07-13 13:26:23,0.531569421291,0.808321654797,1.61671710014,795,71,16,4,5,1,0,1,1,0,0,0,0,0,0,0,25.3,54.4,8.09,4565,5024,4943,5028
2019-07-13 13:30:23,0.669001162052,1.16439402103,2.74971294403,1026,86,20,5,3,2,3,1,2,0,0,0,0,0,0,0,25.2,54.2,8.05,4555,4924,4939,4854
2019-07-13 13:34:23,0.626326978207,1.11747157574,1.96319019794,972,115,19,5,3,2,3,3,0,0,0,0,0,0,0,0,25.1,53.8,8.05,4555,4984,4930,4994
2019-07-13 13:38:23,0.697591602802,1.24060308933,3.32996797562,1141,95,20,5,5,7,2,1,0,0,1,0,0,0,0,0,25.1,53.2,7.96,4540,4966,4920,4947
2019-07-13 13:42:24,0.609846532345,0.992248415947,1.64001345634,926,62,11,6,2,1,2,2,0,0,0,0,0,0,0,0,25.1,53.2,7.96,4540,4966,4920,4947
2019-07-13 13:46:24,0.632798552513,1.03930330276,1.75684833527,968,76,19,4,4,5,1,0,1,0,0,0,0,0,0,0,25.3,52.4,8.12,4540,4961,4927,5039
2019-07-13 13:50:23,0.736892938614,1.45628273487,2.62205076218,1076,95,19,10,5,6,4,1,1,0,0,0,0,0,0,0,25.3,52.8,8.14,4544,4985,4930,4963
2019-07-13 13:54:23,0.66859960556,0.98720484972,3.42208981514,1001,85,21,8,3,2,1,0,1,0,1,0,0,0,0,0,25.3,52.3,8.16,4548,5043,4918,5135
2019-07-13 13:58:23,0.683766186237,1.08170759678,1.8257547617,970,102,26,4,6,2,2,0,1,0,0,0,0,0,0,0,25.4,51.8,8.17,4532,4949,4918,4960
2019-07-13 14:02:23,0.760767936707,1.27300786972,2.50169849396,1082,99,21,2,4,4,1,2,1,0,0,0,0,0,0,0,25.4,51.8,8.17,4532,4949,4918,4960
2019-07-13 14:06:23,0.734775006771,1.292552948,3.23931074142,1067,96,29,5,4,5,3,0,1,1,0,0,0,0,0,0,25.9,50.6,8.17,4557,5018,4923,4935
2019-07-13 14:10:23,0.771461963654,1.46706020832,4.32477617264,1086,96,26,12,8,3,2,2,2,1,0,0,0,0,0,0,25.5,51,8.11,4553,4980,4914,4983
2019-07-13 14:25:34.245000,0.729700803757,1.47386980057,3.12732982635,972,82,26,3,9,5,5,0,0,1,0,0,0,0,0,0,24.6,53.2,None,0,0,0,0
2019-07-13 14:25:34.367000,0.576772272587,1.02692174911,3.43711280823,954,76,14,5,6,3,3,0,1,0,1,0,0,0,0,0,24.4,53.5,8.01,4533,4985,4899,4983
2019-07-13 14:28:41,0.600541889668,1.14485239983,2.93217277527,855,73,27,4,6,2,3,2,0,1,0,0,0,0,0,0,24.4,53.5,8.01,4533,4985,4899,4983
2019-07-13 14:32:41,0.797740936279,1.47331774235,3.26144886017,1121,117,40,10,10,7,2,0,1,1,0,0,0,0,0,0,24.5,53.3,8.08,4517,5017,4890,5047
2019-07-13 14:36:41,0.783297657967,1.58993566036,4.00186157227,972,98,19,6,7,3,5,0,3,0,0,0,0,0,0,0,24.4,53.8,8.08,4526,5009,4886,5054
2019-07-13 14:40:41,0.616223335266,0.949991583824,2.26412916183,1014,77,20,5,7,1,1,1,0,1,0,0,0,0,0,0,24.3,54,8.07,4536,4965,4892,5082
2019-07-13 14:44:41,0.782720625401,1.49767351151,7.6941652298,1059,90,27,9,3,4,3,1,3,1,0,1,0,0,0,0,24.1,54,None,4538,5026,4893,5033
2019-07-13 14:48:41,0.675524115562,1.21563625336,1.48562848568,918,81,20,3,7,6,2,0,0,0,0,0,0,0,0,0,24.1,54,None,4538,5026,4893,5033
2019-07-13 14:52:41,0.699404597282,1.14848148823,1.94989311695,1050,96,28,11,7,4,0,1,1,0,0,0,0,0,0,0,24.3,53.9,8.07,4541,4957,4884,4914
2019-07-13 14:56:41,0.88934803009,1.37039017677,4.93760585785,1180,132,23,9,5,4,1,1,0,0,0,0,1,0,0,0,24.4,53.7,8.07,4529,5117,4906,5152
2019-07-13 15:00:41,0.689288794994,1.07986044884,4.73575210571,882,71,22,2,9,1,1,0,1,0,0,1,0,0,0,0,24.3,53.4,8.07,4529,5001,4894,4965
2019-07-13 15:04:41,0.782025039196,1.16228723526,1.2858427763,947,81,29,8,8,1,1,0,0,0,0,0,0,0,0,0,24,52.3,7.98,4527,4983,4893,5012
2019-07-13 15:08:40,1.15750145912,1.5880368948,1.66223084927,1441,171,45,14,7,3,0,0,0,0,0,0,0,0,0,0,24,52.3,7.98,4527,4983,4893,5012
2019-07-13 15:12:41,0.838902771473,1.59336078167,1.95456182957,1046,102,31,7,13,6,3,0,0,0,0,0,0,0,0,0,24.1,52.9,8.07,4522,4995,4895,5114
2019-07-13 15:16:41,1.13241350651,1.70570015907,5.1513876915,1727,142,38,5,8,5,1,1,1,0,0,1,0,0,0,0,23.9,52.6,8.07,4514,4908,4892,4967
2019-07-13 15:20:41,0.933474898338,1.50267064571,4.02117872238,1110,119,32,8,8,2,2,1,0,0,1,0,0,0,0,0,23.8,53,8.05,4526,4995,4899,5084
2019-07-13 15:24:41,1.08567762375,2.06043338776,6.00371551514,1313,174,38,10,9,8,5,1,0,0,0,0,1,0,0,0,23.6,52.9,7.98,4533,4985,4899,5043
2019-07-13 15:28:40,0.616626501083,1.07520639896,4.67931413651,834,60,26,2,9,2,0,2,0,1,1,0,0,0,0,0,23.6,52.9,7.98,4533,4985,4899,5043
2019-07-13 15:32:40,0.639045417309,1.34091567993,3.32970523834,879,88,18,8,8,7,3,0,1,1,0,0,0,0,0,0,23.7,52.4,8.05,4535,5038,4905,5186
2019-07-13 15:36:40,0.971265912056,1.59404087067,5.41255474091,1359,152,31,9,11,1,2,3,0,0,0,0,0,1,0,0,23.6,52.4,8.04,4520,5018,4899,5125
2019-07-13 15:40:40,0.942968726158,1.79206931591,2.40172171593,1112,129,40,12,10,7,3,1,0,0,0,0,0,0,0,0,23.4,52.8,8.05,4532,4999,4885,5184
2019-07-13 15:44:40,0.585220098495,1.27142453194,3.18688988686,736,64,26,5,6,6,2,2,0,1,0,0,0,0,0,0,23.3,53.3,7.96,4528,5045,4900,5058
2019-07-13 15:48:41,0.550395727158,1.13068151474,1.49010300636,529,59,22,2,7,3,3,0,0,0,0,0,0,0,0,0,23.3,53.3,7.96,4528,5045,4900,5058
2019-07-13 15:52:40,0.463287591934,0.952739536762,1.5729175806,603,49,15,5,7,3,1,2,0,0,0,0,0,0,0,0,24.1,51.9,8.21,4547,5043,4918,5097
2019-07-13 16:07:07.128000,0.609283268452,1.20609867573,4.79711914062,748,87,24,12,10,5,1,0,1,1,1,0,0,0,0,0,25.5,48.9,None,0,0,0,0
2019-07-13 16:07:07.389000,0.771854877472,1.51576626301,2.4011991024,893,99,33,10,12,6,2,0,1,0,0,0,0,0,0,0,26,47.4,8.03,4548,4988,4928,5116
2019-07-13 16:10:19,0.639434099197,1.23596668243,3.10326504707,790,88,25,6,7,3,2,2,0,1,0,0,0,0,0,0,26,47.4,8.03,4548,4988,4928,5116
2019-07-13 16:14:19,0.519864320755,1.07780921459,4.4960474968,593,50,23,12,8,5,0,1,0,1,1,0,0,0,0,0,25.8,46.5,8.09,4537,4984,4920,5016
2019-07-13 16:18:18,0.495064735413,1.17194509506,5.51269960403,556,50,19,7,7,2,3,2,1,0,0,1,0,0,0,0,25,47.7,8.09,4542,4927,4903,4910
2019-07-13 16:22:19,0.636229932308,1.35783553123,11.5687274933,564,56,28,10,8,4,2,0,1,0,1,1,0,0,1,0,24.7,48.7,8.09,4529,4941,4893,4928
2019-07-13 16:26:19,0.542451024055,1.42831635475,2.56845498085,571,55,26,6,8,6,3,3,0,0,0,0,0,0,0,0,24.4,48.9,None,4517,4937,4890,4966
2019-07-13 16:30:19,0.652908325195,1.39685225487,5.33293819427,809,79,23,7,7,10,1,0,1,1,1,0,0,0,0,0,24.4,48.9,None,4517,4937,4890,4966
2019-07-13 16:34:19,0.908093512058,1.92543137074,4.73703384399,1088,85,34,7,10,9,4,1,0,0,1,0,0,0,0,0,24.3,49.1,8.08,4525,4966,4882,4998
2019-07-13 16:38:19,1.13351964951,2.63697552681,8.10434246063,1253,116,46,13,15,13,3,3,2,0,0,1,0,0,0,0,24.1,50.9,8.07,4522,5008,4892,5034
2019-07-13 16:42:19,1.6192741394,2.58112883568,4.99677324295,1841,226,55,23,7,8,1,1,1,1,0,0,0,0,0,0,23.9,52.1,8.07,4521,5106,4876,5207
2019-07-13 16:46:18,1.66152393818,3.05612182617,4.64797401428,1805,232,72,17,13,7,5,4,0,0,0,0,0,0,0,0,23.6,53.4,7.99,4530,5030,4879,5053
2019-07-13 16:50:18,2.03079724312,3.43686580658,3.9210562706,2185,282,79,29,14,15,2,0,0,0,0,0,0,0,0,0,23.6,53.4,7.99,4530,5030,4879,5053
2019-07-13 16:54:18,1.46021592617,2.46400308609,3.72528934479,1767,214,62,14,14,5,4,1,1,0,0,0,0,0,0,0,23.5,54,8.07,4533,5029,4868,5119
2019-07-13 17:08:39.161000,1.27978730202,1.90098297596,6.09343910217,1617,160,60,8,13,5,0,0,0,1,0,0,0,0,1,0,24.2,52.8,None,0,0,0,0
2019-07-13 17:08:39.289000,1.40796291828,2.20906209946,2.43451023102,1742,201,50,14,17,6,1,0,0,0,0,0,0,0,0,0,23.8,52.9,7.99,4529,5040,4894,5063
2019-07-13 17:11:40,1.15847921371,2.15960121155,3.84382891655,1416,131,39,8,9,9,1,3,1,0,0,0,0,0,0,0,23.8,52.9,7.99,4529,5040,4894,5063
2019-07-13 17:15:40,1.09142541885,2.19307661057,4.45934534073,1386,118,43,8,18,7,4,0,3,0,0,0,0,0,0,0,23.7,52.8,8.05,4527,5044,4893,5116
2019-07-13 17:19:41,1.01206231117,2.38926720619,5.61822795868,1123,115,34,15,11,11,4,3,1,1,0,0,0,0,0,0,23.8,52.7,8.05,4524,4998,4893,5016
2019-07-13 17:23:40,0.979518592358,2.03787708282,3.13027381897,1281,112,39,8,6,9,6,2,0,0,0,0,0,0,0,0,23.4,53.1,8.05,4530,5122,4891,5216
2019-07-13 17:27:40,1.17074036598,2.20698547363,9.29134464264,1189,108,45,15,20,6,2,0,0,0,0,1,1,0,0,0,23.3,53.4,7.96,4541,5054,4890,5097
2019-07-13 17:31:40,1.05424284935,2.23347043991,5.23251819611,1111,108,49,17,13,9,3,2,0,0,1,0,0,0,0,0,23.3,53.4,7.96,4541,5054,4890,5097
2019-07-13 17:35:40,0.829187095165,1.70224869251,4.84411048889,1141,105,26,9,14,7,4,1,0,0,0,1,0,0,0,0,23.3,53.1,8.05,4518,5087,4899,5119
2019-07-13 17:39:41,0.911389172077,2.07424664497,3.34143280983,979,102,39,12,11,8,4,3,0,0,0,0,0,0,0,0,23.4,53.5,8.03,4532,5063,4900,5108
2019-07-13 17:43:40,1.35045802593,2.74007129669,5.21561813354,1548,183,53,20,22,7,7,0,1,1,0,0,0,0,0,0,23.2,53.8,8.03,4525,5071,4900,5153
2019-07-13 17:47:40,1.35156881809,2.72980570793,9.87169933319,1627,177,62,13,13,11,4,2,3,1,0,0,1,0,0,0,22.8,56.6,7.95,4530,5142,4891,5177
2019-07-13 17:59:50.358000,1.50917601585,2.93975877762,8.98953437805,1722,201,48,16,16,8,3,2,4,2,0,0,0,0,0,0,22.5,57.6,None,0,0,0,0
2019-07-13 17:59:50.480000,1.5129545927,3.37635326385,7.87171983719,1604,206,54,19,19,13,5,5,0,2,0,0,0,0,0,0,22.2,57.9,7.96,4526,5083,4880,5132
2019-07-13 18:03:01,1.41076278687,2.59673500061,3.17554450035,1716,198,50,14,19,9,5,0,0,0,0,0,0,0,0,0,22.2,57.9,7.96,4526,5083,4880,5132
2019-07-13 18:07:01,1.77926957607,3.21724128723,9.60372066498,1905,229,77,25,16,8,6,1,0,0,1,0,1,0,0,0,22,57.9,8.02,4516,5124,4895,5228
2019-07-13 18:11:01,1.36214578152,2.40387439728,6.32355356216,1600,175,47,6,18,6,1,2,1,2,0,0,0,0,0,0,21.9,58.7,8.03,4512,5106,4901,5214
2019-07-13 18:15:00,1.42479562759,2.14262986183,3.69666361809,1781,171,45,11,7,6,2,0,0,1,0,0,0,0,0,0,21.7,59.4,8.03,4527,5094,4886,5108
2019-07-13 18:19:00,1.69266879559,3.03391504288,4.84383964539,2085,234,71,15,16,9,4,3,1,0,0,0,0,0,0,0,21.5,60.6,7.94,4516,5124,4890,5176
2019-07-13 18:23:00,1.36391925812,2.63255023956,3.90523290634,1533,176,45,16,14,10,5,0,1,0,0,0,0,0,0,0,21.5,60.6,7.94,4516,5124,4890,5176
2019-07-13 18:27:00,1.49071276188,2.83830237389,11.9782037735,1728,189,53,13,11,12,5,1,0,1,2,1,0,0,0,0,21.4,60.8,8.02,4528,5139,4901,5217
2019-07-13 18:31:00,1.59674966335,2.98551440239,4.72193479538,1720,181,50,18,14,10,3,2,1,0,0,0,0,0,0,0,21.3,61.3,8.01,4527,5082,4903,5142
2019-07-13 18:35:00,1.46353185177,3.08023452759,7.35951900482,1467,187,48,13,22,9,4,3,1,0,1,0,0,0,0,0,21.1,61.7,8.01,4520,5092,4905,5194
2019-07-13 18:39:00,1.30003118515,2.64477443695,5.51923036575,1494,147,44,17,16,4,7,1,3,0,0,0,0,0,0,0,20.9,62.2,7.95,4519,5112,4914,5174
2019-07-13 18:43:00,1.19374918938,2.2204875946,10.9540052414,1439,132,40,9,15,4,3,2,0,3,2,0,0,0,0,0,20.9,62.2,7.95,4519,5112,4914,5174
2019-07-13 18:47:00,1.65060460567,3.26102185249,5.65343236923,1692,242,79,11,22,9,3,5,1,0,0,0,0,0,0,0,21,62.1,8.02,4533,5101,4903,5215
2019-07-13 18:51:00,1.4906578064,2.67377972603,8.27339458466,1636,227,55,15,13,3,5,2,2,1,1,0,0,0,0,0,20.8,62.9,8.02,4535,5108,4910,5145
2019-07-13 18:55:00,1.13448441029,2.79954481125,7.11529970169,1248,142,44,11,9,15,7,3,1,0,1,0,0,0,0,0,20.6,64.2,None,4530,5094,4909,5187
2019-07-13 18:59:00,0.991534888744,3.32776474953,11.1865119934,1084,118,29,8,17,14,13,3,5,2,0,0,0,0,0,0,20.4,65.1,7.92,4526,5075,4924,5129
2019-07-13 19:03:00,0.962551474571,2.31528043747,5.46006298065,1228,86,36,9,14,16,3,1,2,1,0,0,0,0,0,0,20.4,65.1,7.92,4526,5075,4924,5129
2019-07-13 19:07:00,1.56731581688,3.61228752136,7.13091135025,1759,171,55,19,15,24,6,0,2,1,0,0,0,0,0,0,20.5,64.6,7.99,4545,5071,4926,5126
2019-07-13 19:21:23.469000,1.81399393082,3.74410271645,7.74342346191,2140,288,70,17,16,16,8,3,2,1,0,0,0,0,0,0,20.1,66.5,None,0,0,0,0
2019-07-13 19:21:23.586000,1.82431471348,4.07397556305,9.34974193573,1921,240,64,23,24,21,8,0,2,0,0,1,0,0,0,0,20,66.3,7.91,4525,5097,4913,5130
2019-07-13 19:24:32,1.90038073063,4.36601018906,17.0729160309,1937,269,79,19,22,24,8,1,2,2,2,0,1,0,0,0,20,66.3,7.91,4525,5097,4913,5130
2019-07-13 19:28:32,1.39626049995,3.26383113861,8.72355365753,1447,140,50,11,24,9,8,1,3,0,1,0,0,0,0,0,19.8,66.4,7.98,4533,5060,4921,5069
2019-07-13 19:32:31,1.31532049179,3.81211304665,10.0876464844,1286,134,50,12,21,17,13,2,1,1,1,0,0,0,0,0,19.6,66.7,7.98,4529,5097,4909,5222
2019-07-13 19:36:31,1.77888154984,4.3019990921,10.4854164124,1560,238,76,29,21,16,7,4,4,1,0,0,0,0,0,0,19.4,67.1,7.98,4536,5052,4921,5088
2019-07-13 19:40:31,1.69727241993,3.67791104317,5.8832526207,1689,221,64,16,16,14,6,5,0,0,0,0,0,0,0,0,19.2,67.9,7.9,4526,5065,4921,5118
2019-07-13 19:44:31,1.43738567829,3.20279622078,7.96586084366,1526,208,50,14,17,16,4,3,2,0,1,0,0,0,0,0,19.2,67.9,7.9,4526,5065,4921,5118
2019-07-13 19:48:32,1.39969146252,3.28984189034,10.0497684479,1479,166,43,11,14,16,5,3,3,0,0,1,0,0,0,0,19.2,67.6,7.98,4530,5074,4920,5185
2019-07-13 19:52:31,1.13600635529,2.9362719059,7.76927185059,1227,111,32,9,18,11,7,2,3,1,0,0,0,0,0,0,19,67.4,7.96,4535,5056,4924,5186
2019-07-13 19:56:31,1.21090877056,3.2373945713,13.8578996658,1380,126,40,14,17,12,7,5,4,2,0,0,1,0,0,0,18.8,67.9,7.96,4528,5096,4928,5210
2019-07-13 20:00:31,1.30761551857,2.85743904114,10.5719966888,1344,159,59,20,16,10,3,4,2,0,1,1,0,0,0,0,18.7,68.9,7.88,4533,5095,4921,5142
2019-07-13 20:04:31,1.21953547001,3.16313576698,4.7787232399,1255,133,40,8,17,17,8,2,0,0,0,0,0,0,0,0,18.7,68.9,7.88,4533,5095,4921,5142
2019-07-13 20:17:42.484000,0.980481445789,2.58537530899,12.7440891266,1123,101,34,13,9,13,3,5,2,4,1,0,0,0,0,0,18.4,69.5,None,0,0,0,0
2019-07-13 20:17:42.621000,0.865333676338,2.22124576569,3.75942969322,959,105,35,5,10,10,7,3,0,0,0,0,0,0,0,0,18.4,69.2,7.9,4530,5055,4920,5114
2019-07-13 20:20:48,0.830308496952,2.24173641205,5.59534454346,1013,87,25,2,9,14,5,3,1,1,0,0,0,0,0,0,18.4,69.2,7.9,4530,5055,4920,5114
2019-07-13 20:24:48,0.869090437889,2.47078156471,5.59232711792,988,115,21,8,10,12,7,4,2,0,0,0,0,0,0,0,18.4,68.5,7.96,4529,5047,4931,5092
2019-07-13 20:28:48,1.04528129101,2.70739507675,9.64190387726,1115,122,38,8,20,13,7,1,0,3,1,0,0,0,0,0,18.3,69.1,7.95,4542,5108,4932,5194
2019-07-13 20:32:48,0.988822102547,3.19699001312,14.4367675781,1055,111,34,11,11,22,10,2,3,1,0,1,1,0,0,0,18.1,69.8,7.95,4545,5096,4929,5090
2019-07-13 20:36:48,0.986976623535,2.83867073059,10.2651996613,1014,115,37,11,15,19,7,1,2,0,1,1,0,0,0,0,18,70.5,7.86,4550,5071,4930,5115
2019-07-13 20:40:48,0.943922102451,2.17611145973,9.31381797791,961,105,24,8,6,10,6,0,1,0,1,1,0,0,0,0,18,70.5,7.86,4550,5071,4930,5115
2019-07-13 20:44:47,1.29942202568,2.85489630699,13.621134758,1437,209,40,8,12,10,8,2,2,1,0,0,1,1,0,0,18,70.3,7.94,4541,5052,4931,5067
2019-07-13 20:48:47,1.06979107857,1.99377655983,3.17087578773,1332,152,15,9,12,3,4,3,0,0,0,0,0,0,0,0,17.9,70,7.95,4538,5038,4924,5160
2019-07-13 20:52:48,0.900711596012,1.8231459856,2.46898317337,1159,93,31,11,11,9,3,1,0,0,0,0,0,0,0,0,17.8,70.1,7.94,4550,5088,4934,5207
2019-07-13 20:56:48,0.83588886261,1.76218044758,8.61399841309,1087,94,30,6,9,10,2,1,2,0,1,0,1,0,0,0,17.7,70.8,7.85,4539,5120,4933,5166
2019-07-13 21:00:47,1.48598730564,3.00870776176,13.5942411423,1925,205,50,15,7,9,10,1,4,1,0,1,1,0,0,0,17.7,70.8,7.85,4539,5120,4933,5166
2019-07-13 21:04:48,2.18969607353,3.25426650047,3.86255574226,2666,296,70,12,15,8,2,1,0,0,0,0,0,0,0,0,17.7,70.7,7.94,4538,5091,4933,5110
2019-07-13 21:08:47,1.63503921032,3.01888847351,11.9423313141,2038,199,51,11,7,11,4,4,1,1,1,0,1,0,0,0,17.6,70.7,7.94,4543,5087,4931,5080
2019-07-13 21:24:01.689000,1.60157358646,2.50245308876,13.3952798843,2246,205,39,15,7,7,2,1,3,0,0,2,0,1,0,0,17.5,71.2,None,0,0,0,0
2019-07-13 21:24:01.820000,1.09945309162,1.70285177231,5.43189096451,1551,148,30,5,4,5,3,1,0,0,0,0,1,0,0,0,17.5,71,7.86,4538,5082,4934,5093
2019-07-13 21:27:10,1.47886168957,2.42257022858,6.28574609756,1538,286,78,14,15,3,3,0,2,2,0,0,0,0,0,0,17.5,71,7.86,4538,5082,4934,5093
2019-07-13 21:31:10,1.06037783623,2.00229096413,7.19297599792,1303,130,28,13,6,5,1,2,5,1,0,0,0,0,0,0,17.5,70.9,7.92,4540,5038,4940,5018
2019-07-13 21:35:10,1.09272062778,2.11472868919,3.7200012207,1262,98,34,12,6,9,2,2,1,0,0,0,0,0,0,0,17.4,71.1,7.92,4543,5057,4937,5090
2019-07-13 21:39:10,1.29759347439,2.28994393349,3.57614994049,1671,153,47,13,14,10,0,2,1,0,0,0,0,0,0,0,17.3,71.4,7.92,4540,5079,4935,5113
2019-07-13 21:43:10,1.46335434914,2.73768281937,5.27618026733,1655,201,53,13,12,9,5,0,3,0,0,0,0,0,0,0,17.3,71.7,7.84,4544,5106,4940,5157
2019-07-13 21:47:10,1.49174511433,2.62922239304,5.53339481354,1878,184,34,15,7,10,5,1,0,0,1,0,0,0,0,0,17.3,71.7,7.84,4544,5106,4940,5157
2019-07-13 21:51:10,1.34783017635,1.98204994202,7.14271783829,1662,166,34,16,11,2,2,0,0,0,1,1,0,0,0,0,17.4,71.5,7.91,4551,5114,4931,5108
2019-07-13 21:55:10,1.67070865631,2.79859900475,7.05004405975,1952,187,39,13,13,9,3,0,1,0,0,1,0,0,0,0,17.3,71.6,7.91,4546,5143,4924,5190
2019-07-13 21:59:10,1.43201601505,2.10111093521,5.62491130829,1688,150,49,8,6,6,0,0,1,2,0,0,0,0,0,0,17.2,71.8,7.91,4553,5078,4933,5035
2019-07-13 22:03:10,1.34339404106,2.61950731277,5.53056669235,1691,192,41,15,14,6,7,2,1,1,0,0,0,0,0,0,17.3,72,7.83,4544,5083,4929,5150
2019-07-13 22:07:10,1.30715656281,2.48578453064,3.6135430336,1701,180,43,12,6,11,6,2,0,0,0,0,0,0,0,0,17.3,72,7.83,4544,5083,4929,5150
2019-07-13 22:11:10,1.23029458523,2.00682973862,3.34329247475,1515,136,30,4,6,5,3,1,1,0,0,0,0,0,0,0,17.4,71.6,7.91,4546,5069,4938,5075
2019-07-13 22:25:19.065000,1.24965846539,1.97312414646,5.98949718475,1784,175,46,10,12,3,3,1,1,0,0,0,1,0,0,0,17.2,73,None,0,0,0,0
2019-07-13 22:25:19.253000,1.29301869869,2.77090406418,6.65195608139,1508,144,29,10,11,6,7,4,1,1,0,0,0,0,0,0,17.3,72.9,7.83,4553,5065,4937,5073
2019-07-13 22:28:25,1.02538537979,1.79157280922,4.85471916199,1308,127,23,5,9,6,3,0,1,0,1,0,0,0,0,0,17.3,72.9,7.83,4553,5065,4937,5073
2019-07-13 22:32:25,0.977868497372,1.76345479488,4.80528974533,1328,115,30,8,7,8,2,1,1,0,1,0,0,0,0,0,17.2,73,7.88,4540,5071,4930,5086
2019-07-13 22:36:25,1.17249238491,2.14644861221,8.98722457886,1431,147,33,8,11,6,4,1,1,0,1,0,0,1,0,0,17.2,73,7.88,4545,5089,4936,5161
2019-07-13 22:40:25,1.07409584522,2.02504968643,5.87708806992,1314,125,30,11,9,5,5,0,2,0,1,0,0,0,0,0,17.1,73,7.88,4544,5064,4938,5086
2019-07-13 22:44:25,0.942007124424,1.47080028057,1.70673823357,1154,89,36,12,6,3,2,0,0,0,0,0,0,0,0,0,17.1,73.2,7.8,4563,5093,4931,5094
2019-07-13 22:48:25,1.21087574959,2.32532787323,4.23548364639,1553,153,35,16,13,8,4,1,2,0,0,0,0,0,0,0,17.1,73.2,7.8,4563,5093,4931,5094
2019-07-13 22:52:25,1.57894074917,3.26497817039,10.4891605377,1830,220,48,9,15,14,8,2,0,0,0,2,0,0,0,0,17.2,73.2,7.88,4567,5063,4941,5040
2019-07-13 22:56:25,1.79041326046,3.47022271156,11.744594574,1902,241,54,15,14,10,7,1,2,2,0,1,0,0,0,0,17.1,74.1,7.88,4547,5101,4934,5056
2019-07-13 23:00:25,1.70908379555,3.39604568481,8.7554693222,1994,245,51,9,17,11,7,3,0,3,0,0,0,0,0,0,17,74.7,7.88,4550,5028,4935,5131
2019-07-13 23:04:25,1.62613654137,2.8382897377,13.4963884354,1912,225,52,13,12,7,6,0,1,2,0,0,1,1,0,0,16.9,75.7,7.79,4544,5111,4949,5115
2019-07-13 23:21:33.287000,2.31332278252,4.20599079132,6.73851966858,2820,398,83,6,24,16,7,2,2,0,0,0,0,0,0,0,16.8,76.7,None,0,0,0,0
2019-07-13 23:21:33.408000,2.51254558563,4.88019037247,13.1045227051,2822,413,73,22,17,11,14,3,3,1,0,1,0,0,0,0,16.8,77.4,7.8,4558,5092,4944,5140
2019-07-13 23:24:44,2.48620128632,4.706366539,15.7178163528,2886,423,106,17,21,18,10,2,1,2,2,1,0,0,0,0,16.8,77.4,7.8,4558,5092,4944,5140
2019-07-13 23:28:45,2.22070932388,4.00092697144,5.44439888,2657,381,86,15,15,15,9,2,0,0,0,0,0,0,0,0,16.8,77.7,7.87,4532,5081,4941,5161
2019-07-13 23:32:45,2.51320147514,4.74371862411,16.821269989,2860,474,98,16,25,14,9,3,3,3,1,0,1,0,0,0,16.8,77.9,7.86,4548,5201,4947,5395
2019-07-13 23:36:45,2.74567222595,4.5683722496,13.1017417908,3038,454,106,15,15,14,5,3,2,0,0,2,0,0,0,0,16.8,78.1,7.86,4549,5107,4951,5179
2019-07-13 23:40:45,2.77295446396,5.1092581749,21.8191738129,2996,441,112,22,17,14,13,1,3,0,0,1,1,2,0,0,16.7,78.9,7.78,4555,5097,4938,5125
2019-07-13 23:44:44,2.83948421478,5.69406795502,14.8210248947,3132,484,102,9,18,21,15,4,1,3,1,0,0,0,0,0,16.7,78.9,7.78,4555,5097,4938,5125
2019-07-13 23:48:45,2.68110966682,5.31079912186,12.9954042435,3079,372,81,29,23,14,9,6,4,2,0,0,0,0,0,0,16.8,79,7.86,4544,5070,4937,5017
2019-07-13 23:52:44,2.78983664513,4.82266616821,14.2331953049,3403,476,102,17,21,16,6,4,2,0,2,1,0,0,0,0,16.8,79,7.86,4541,5038,4949,5214
2019-07-13 23:56:44,3.00751471519,5.12126016617,10.8232936859,3508,460,107,12,11,25,3,4,1,1,1,0,0,0,0,0,16.7,79.1,7.85,4547,5152,4952,5253
